pr_id,author_id,team,created_at,merged_at,lines_added,lines_deleted,review_comments_count
pr_00000,eng_006,platform_infra,2026-03-15T23:43:12.236088+00:00,2026-03-17T16:40:34.813266+00:00,280,96,1
pr_00001,eng_032,product_legal,2026-04-06T09:21:52.600555+00:00,2026-04-06T10:56:29.343160+00:00,57,11,0
pr_00002,eng_027,platform_infra,2026-02-07T02:41:11.468832+00:00,2026-02-08T03:31:34.103985+00:00,56,15,5
pr_00003,eng_001,platform_data,2026-02-22T20:09:21.628716+00:00,2026-02-23T05:47:29.380621+00:00,126,12,5
pr_00004,eng_011,platform_data,2026-02-09T06:18:57.427675+00:00,2026-02-11T09:07:23.697028+00:00,185,42,0
pr_00005,eng_035,product_integrations,2026-03-14T08:51:08.024707+00:00,2026-03-14T11:12:35.063591+00:00,25,30,0
pr_00006,eng_006,platform_infra,2026-04-03T12:05:46.802965+00:00,2026-04-03T16:21:14.978076+00:00,18,78,1
pr_00007,eng_003,product_legal,2026-03-26T09:09:11.444046+00:00,2026-03-26T11:07:44.158489+00:00,46,102,1
pr_00008,eng_003,product_legal,2026-01-26T05:40:35.617487+00:00,2026-01-27T05:41:08.046968+00:00,71,84,2
pr_00009,eng_043,product_integrations,2026-04-18T15:13:50.594290+00:00,,355,44,4
pr_00010,eng_015,product_legal,2026-03-11T11:31:00.497028+00:00,2026-03-11T15:37:52.216217+00:00,12,9,4
pr_00011,eng_013,platform_data,2026-02-01T15:30:21.026058+00:00,2026-02-01T20:02:53.792183+00:00,298,64,1
pr_00012,eng_042,platform_data,2026-03-07T12:45:17.893847+00:00,2026-03-08T17:11:28.263724+00:00,45,50,8
pr_00013,eng_038,platform_data,2026-03-15T01:48:17.760189+00:00,2026-03-15T09:07:35.230838+00:00,13,12,5
pr_00014,eng_005,product_corporate,2026-04-13T14:07:52.916068+00:00,2026-04-14T04:09:38.502746+00:00,110,54,3
pr_00015,eng_013,platform_data,2026-03-18T10:03:47.650242+00:00,2026-03-18T12:10:07.190758+00:00,130,127,7
pr_00016,eng_010,product_corporate,2026-02-20T23:50:55.817845+00:00,,16,117,0
pr_00017,eng_036,product_legal,2026-04-07T13:24:16.264356+00:00,2026-04-07T15:18:06.576464+00:00,29,6,3
pr_00018,eng_034,platform_infra,2026-03-29T16:48:21.738898+00:00,2026-03-29T21:27:46.653009+00:00,34,21,6
pr_00019,eng_018,product_corporate,2026-03-24T20:50:15.845726+00:00,2026-03-24T22:28:22.035051+00:00,10,27,3
pr_00020,eng_022,platform_data,2026-01-31T10:26:10.762540+00:00,,14,45,1
pr_00021,eng_029,platform_infra,2026-03-23T05:30:06.968866+00:00,2026-03-23T08:00:23.600595+00:00,56,1,1
pr_00022,eng_006,platform_infra,2026-03-03T13:08:58.100686+00:00,2026-03-15T02:28:53.237460+00:00,39,25,2
pr_00023,eng_013,platform_data,2026-02-10T14:39:45.994849+00:00,2026-02-10T22:00:14.045569+00:00,132,5,6
pr_00024,eng_038,platform_data,2026-02-10T07:31:08.687217+00:00,2026-02-10T08:23:54.493426+00:00,73,45,1
pr_00025,eng_002,platform_ai_inference,2026-03-02T15:51:50.891791+00:00,2026-03-03T18:56:35.097441+00:00,497,24,2
pr_00026,eng_006,platform_infra,2026-01-30T21:55:51.690807+00:00,2026-01-30T23:46:39.523787+00:00,102,45,7
pr_00027,eng_038,platform_data,2026-04-10T15:03:01.037533+00:00,2026-04-10T18:07:24.784475+00:00,50,116,5
pr_00028,eng_012,product_integrations,2026-04-02T19:16:19.582293+00:00,2026-04-03T19:30:23.512706+00:00,22,21,1
pr_00029,eng_014,platform_infra,2026-01-26T10:13:42.698449+00:00,2026-01-27T20:15:55.327155+00:00,39,87,0
pr_00030,eng_007,platform_ai_inference,2026-03-24T21:48:56.273297+00:00,2026-03-24T23:19:14.066055+00:00,235,17,2
pr_00031,eng_015,product_legal,2026-02-03T03:34:01.544257+00:00,2026-02-04T14:55:57.095454+00:00,382,30,0
pr_00032,eng_030,platform_ai_inference,2026-01-28T17:14:12.206522+00:00,2026-01-28T21:06:30.125248+00:00,18,1,7
pr_00033,eng_020,product_legal,2026-03-22T15:58:16.079270+00:00,2026-03-23T06:05:39.510329+00:00,1,21,5
pr_00034,eng_036,product_legal,2026-04-02T07:26:28.420135+00:00,2026-04-02T13:03:19.418748+00:00,192,12,4
pr_00035,eng_019,platform_ai_inference,2026-02-08T00:56:13.733265+00:00,2026-02-08T05:59:17.063972+00:00,15,5,0
pr_00036,eng_027,platform_infra,2026-02-12T10:32:01.247306+00:00,2026-02-12T15:49:01.748054+00:00,34,59,9
pr_00037,eng_039,platform_data,2026-03-02T03:37:33.898710+00:00,2026-03-02T17:25:44.236985+00:00,43,113,4
pr_00038,eng_019,platform_ai_inference,2026-01-28T19:49:38.000858+00:00,,22,68,1
pr_00039,eng_008,platform_data,2026-02-27T12:44:06.274412+00:00,2026-02-28T08:52:53.162477+00:00,94,89,2
pr_00040,eng_031,product_corporate,2026-03-29T00:44:22.223477+00:00,2026-03-29T05:46:41.060059+00:00,443,42,2
pr_00041,eng_034,platform_infra,2026-03-02T06:45:06.773167+00:00,2026-03-02T07:30:57.856446+00:00,6,249,4
pr_00042,eng_009,product_integrations,2026-02-18T18:56:28.312038+00:00,2026-02-18T20:52:24.690457+00:00,125,30,0
pr_00043,eng_020,product_legal,2026-03-01T14:55:02.491487+00:00,2026-03-01T17:34:09.429269+00:00,578,23,7
pr_00044,eng_013,platform_data,2026-01-29T04:12:36.709641+00:00,,53,12,1
pr_00045,eng_020,product_legal,2026-03-18T11:49:41.043170+00:00,,12,10,3
pr_00046,eng_005,product_corporate,2026-04-12T16:12:23.975768+00:00,2026-04-12T19:03:42.488229+00:00,40,20,3
pr_00047,eng_025,platform_data,2026-04-08T21:08:07.571933+00:00,2026-04-09T01:47:46.414830+00:00,35,7,0
pr_00048,eng_003,product_legal,2026-04-04T10:52:05.035754+00:00,2026-04-04T22:18:50.361228+00:00,6,37,5
pr_00049,eng_030,platform_ai_inference,2026-03-12T05:40:47.820066+00:00,2026-03-12T14:49:27.684928+00:00,112,5,2
pr_00050,eng_000,product_corporate,2026-04-15T08:41:05.993125+00:00,2026-04-15T11:48:47.942502+00:00,35,21,7
pr_00051,eng_023,platform_data,2026-01-27T09:20:24.552728+00:00,2026-01-27T19:27:13.130137+00:00,574,531,0
pr_00052,eng_032,product_legal,2026-02-22T01:19:57.000293+00:00,2026-02-22T05:06:42.970149+00:00,211,40,4
pr_00053,eng_044,product_integrations,2026-03-24T05:25:12.807124+00:00,,29,14,1
pr_00054,eng_008,platform_data,2026-03-05T02:26:41.514969+00:00,2026-03-05T18:31:03.743560+00:00,286,43,0
pr_00055,eng_030,platform_ai_inference,2026-03-20T13:26:23.922331+00:00,2026-03-20T19:20:13.626596+00:00,12,29,7
pr_00056,eng_041,product_corporate,2026-03-08T14:36:45.229850+00:00,2026-03-09T06:54:47.664278+00:00,49,18,3
pr_00057,eng_018,product_corporate,2026-02-20T01:14:16.513066+00:00,,17,39,0
pr_00058,eng_031,product_corporate,2026-02-15T03:07:49.247442+00:00,2026-02-15T08:42:38.698335+00:00,25,17,6
pr_00059,eng_041,product_corporate,2026-02-04T11:00:41.302601+00:00,2026-02-04T22:09:01.255657+00:00,54,83,3
pr_00060,eng_022,platform_data,2026-04-06T07:15:50.842170+00:00,2026-04-06T09:09:39.641914+00:00,77,22,4
pr_00061,eng_027,platform_infra,2026-01-27T05:42:28.580691+00:00,,22,42,1
pr_00062,eng_031,product_corporate,2026-02-09T21:59:16.662928+00:00,2026-02-10T14:29:26.499476+00:00,5,10,3
pr_00063,eng_018,product_corporate,2026-01-28T13:59:28.528972+00:00,,75,494,1
pr_00064,eng_008,platform_data,2026-03-19T16:07:24.764694+00:00,2026-03-19T19:32:21.312803+00:00,22,40,1
pr_00065,eng_033,product_legal,2026-03-11T02:01:03.308263+00:00,2026-03-11T14:43:10.209438+00:00,68,11,0
pr_00066,eng_013,platform_data,2026-04-18T18:46:36.867741+00:00,2026-04-18T21:35:06.363898+00:00,81,27,3
pr_00067,eng_019,platform_ai_inference,2026-02-14T07:39:38.795194+00:00,,406,0,7
pr_00068,eng_023,platform_data,2026-03-14T07:42:18.155665+00:00,2026-03-15T04:25:06.921837+00:00,26,8,4
pr_00069,eng_039,platform_data,2026-04-11T16:57:52.101960+00:00,2026-04-11T22:18:18.613900+00:00,186,142,6
pr_00070,eng_001,platform_data,2026-02-17T09:44:24.829252+00:00,2026-02-17T15:35:54.062784+00:00,10,33,4
pr_00071,eng_029,platform_infra,2026-03-03T17:49:02.446546+00:00,2026-03-04T03:22:32.633571+00:00,16,23,2
pr_00072,eng_008,platform_data,2026-02-16T06:09:21.050209+00:00,2026-02-16T10:28:38.109594+00:00,4,10,10
pr_00073,eng_041,product_corporate,2026-02-09T01:57:42.042662+00:00,2026-02-09T07:42:07.447580+00:00,114,390,0
pr_00074,eng_043,product_integrations,2026-02-10T04:14:35.480904+00:00,2026-02-10T10:52:13.408499+00:00,87,25,0
pr_00075,eng_040,product_corporate,2026-03-02T20:53:42.116558+00:00,2026-03-02T23:45:17.520906+00:00,68,270,0
pr_00076,eng_033,product_legal,2026-02-01T02:17:54.563301+00:00,2026-02-01T06:25:39.406917+00:00,939,45,2
pr_00077,eng_014,platform_infra,2026-03-04T02:07:49.017402+00:00,2026-03-05T04:21:28.152385+00:00,30,5,2
pr_00078,eng_018,product_corporate,2026-01-31T07:07:18.964515+00:00,2026-01-31T10:45:00.197134+00:00,581,14,5
pr_00079,eng_035,product_integrations,2026-02-03T00:57:55.936051+00:00,2026-02-05T08:04:49.984647+00:00,87,42,7
pr_00080,eng_029,platform_infra,2026-04-17T05:33:31.204346+00:00,2026-04-18T04:12:08.076892+00:00,587,6,1
pr_00081,eng_012,product_integrations,2026-03-25T13:07:34.944750+00:00,2026-03-26T01:21:58.004471+00:00,91,333,5
pr_00082,eng_008,platform_data,2026-02-20T05:33:37.810013+00:00,2026-02-21T05:31:41.814677+00:00,67,83,3
pr_00083,eng_007,platform_ai_inference,2026-02-11T21:01:32.457173+00:00,2026-02-12T05:02:02.826497+00:00,28,91,3
pr_00084,eng_013,platform_data,2026-04-18T03:21:09.985562+00:00,2026-04-18T18:18:42.988447+00:00,63,7,2
pr_00085,eng_023,platform_data,2026-03-26T13:45:58.805130+00:00,2026-03-26T17:39:34.860174+00:00,15,27,5
pr_00086,eng_004,product_legal,2026-03-25T14:04:50.575382+00:00,2026-03-26T16:09:11.162724+00:00,30,181,1
pr_00087,eng_031,product_corporate,2026-03-29T20:03:03.225177+00:00,2026-03-30T02:47:23.738530+00:00,537,18,0
pr_00088,eng_038,platform_data,2026-02-16T18:02:38.323714+00:00,2026-02-17T07:06:19.640180+00:00,668,35,5
pr_00089,eng_000,product_corporate,2026-03-30T08:29:07.524181+00:00,2026-03-30T16:24:41.653769+00:00,16,11,0
pr_00090,eng_026,platform_data,2026-04-01T06:09:04.171352+00:00,2026-04-01T16:13:19.039302+00:00,478,33,0
pr_00091,eng_032,product_legal,2026-03-11T21:27:56.711080+00:00,2026-03-12T12:31:12.193034+00:00,22,9,8
pr_00092,eng_015,product_legal,2026-03-30T07:07:15.598712+00:00,2026-03-30T12:50:07.055206+00:00,34,66,2
pr_00093,eng_021,platform_ai_inference,2026-01-31T05:41:42.681719+00:00,2026-01-31T11:40:00.135374+00:00,42,13,0
pr_00094,eng_044,product_integrations,2026-04-19T04:35:42.652189+00:00,2026-04-19T11:22:39.389576+00:00,272,9,1
pr_00095,eng_009,product_integrations,2026-01-26T10:44:30.180390+00:00,2026-01-27T05:26:33.048875+00:00,5,14,1
pr_00096,eng_034,platform_infra,2026-02-05T16:20:33.901853+00:00,2026-02-05T23:28:24.217199+00:00,77,11,0
pr_00097,eng_033,product_legal,2026-02-15T21:45:39.766965+00:00,2026-02-16T03:27:54.890014+00:00,13,68,2
pr_00098,eng_042,platform_data,2026-02-02T20:09:10.304918+00:00,2026-02-03T06:32:04.935881+00:00,10,202,3
pr_00099,eng_025,platform_data,2026-02-03T18:35:25.772212+00:00,2026-02-03T21:56:33.866444+00:00,13,14,2
pr_00100,eng_017,product_legal,2026-02-08T04:27:39.894180+00:00,2026-02-08T12:37:56.639269+00:00,20,13,1
pr_00101,eng_020,product_legal,2026-02-01T23:21:04.380592+00:00,2026-02-02T01:26:56.322976+00:00,24,5,1
pr_00102,eng_027,platform_infra,2026-02-22T17:25:31.873129+00:00,2026-02-23T14:10:17.905961+00:00,110,90,1
pr_00103,eng_039,platform_data,2026-03-07T13:49:28.157491+00:00,2026-03-07T23:43:35.670948+00:00,91,28,4
pr_00104,eng_011,platform_data,2026-01-28T20:37:26.780871+00:00,2026-01-29T01:49:05.719333+00:00,236,13,1
pr_00105,eng_007,platform_ai_inference,2026-02-03T01:57:48.550389+00:00,,1,21,4
pr_00106,eng_033,product_legal,2026-04-18T05:18:58.066607+00:00,2026-04-18T19:13:44.375727+00:00,161,218,4
pr_00107,eng_041,product_corporate,2026-02-09T16:32:40.888865+00:00,2026-02-09T19:52:16.436628+00:00,18,132,4
pr_00108,eng_036,product_legal,2026-03-21T15:50:20.303197+00:00,2026-03-22T02:13:07.506259+00:00,168,26,9
pr_00109,eng_003,product_legal,2026-02-10T12:07:01.908068+00:00,2026-02-10T17:15:58.101100+00:00,8,107,0
pr_00110,eng_038,platform_data,2026-04-13T06:17:47.412082+00:00,2026-04-13T13:38:52.650210+00:00,326,13,0
pr_00111,eng_021,platform_ai_inference,2026-02-24T17:43:55.651699+00:00,2026-02-25T04:36:41.788363+00:00,57,8,0
pr_00112,eng_012,product_integrations,2026-03-25T01:51:18.996043+00:00,2026-03-25T04:43:43.129068+00:00,59,22,2
pr_00113,eng_008,platform_data,2026-02-05T07:10:04.727686+00:00,2026-02-05T23:07:36.790220+00:00,25,20,0
pr_00114,eng_011,platform_data,2026-02-05T05:39:34.130531+00:00,2026-02-06T16:24:32.111276+00:00,79,4,2
pr_00115,eng_018,product_corporate,2026-04-14T04:21:12.474759+00:00,2026-04-14T07:57:46.578862+00:00,820,78,1
pr_00116,eng_009,product_integrations,2026-03-22T20:26:48.414858+00:00,,30,5,4
pr_00117,eng_037,platform_data,2026-02-09T03:49:35.781892+00:00,2026-02-09T21:55:23.608876+00:00,91,0,4
pr_00118,eng_024,platform_ai_inference,2026-02-08T07:48:23.481158+00:00,2026-02-08T10:39:16.552239+00:00,91,2,4
pr_00119,eng_008,platform_data,2026-04-12T02:47:37.923904+00:00,2026-04-12T06:28:37.873979+00:00,120,140,3
pr_00120,eng_024,platform_ai_inference,2026-02-18T00:40:20.872691+00:00,,28,10,5
pr_00121,eng_000,product_corporate,2026-04-03T15:25:40.742057+00:00,2026-04-04T00:17:24.037905+00:00,102,11,0
pr_00122,eng_001,platform_data,2026-03-17T06:05:25.355448+00:00,2026-03-18T15:19:22.126809+00:00,207,32,3
pr_00123,eng_037,platform_data,2026-04-03T15:14:50.598405+00:00,2026-04-05T07:01:15.658734+00:00,16,30,4
pr_00124,eng_001,platform_data,2026-03-09T03:04:16.562968+00:00,2026-03-10T02:52:09.960805+00:00,536,191,0
pr_00125,eng_040,product_corporate,2026-02-09T04:19:11.965591+00:00,2026-02-09T05:54:39.142112+00:00,11,19,2
pr_00126,eng_030,platform_ai_inference,2026-04-08T05:46:43.864679+00:00,,55,21,4
pr_00127,eng_032,product_legal,2026-02-08T17:57:38.642831+00:00,2026-02-09T01:03:46.056934+00:00,119,27,2
pr_00128,eng_004,product_legal,2026-04-03T01:48:55.716365+00:00,,10,47,0
pr_00129,eng_011,platform_data,2026-03-06T03:18:49.637952+00:00,2026-03-06T11:10:10.143242+00:00,17,17,2
pr_00130,eng_031,product_corporate,2026-04-11T20:11:36.771052+00:00,2026-04-12T01:28:12.783539+00:00,45,2,3
pr_00131,eng_021,platform_ai_inference,2026-04-02T07:21:46.756087+00:00,2026-04-02T14:15:04.137422+00:00,145,47,3
pr_00132,eng_041,product_corporate,2026-03-15T04:29:05.031493+00:00,2026-03-16T10:48:23.483333+00:00,131,12,6
pr_00133,eng_033,product_legal,2026-02-08T08:46:23.397116+00:00,2026-02-08T14:10:25.747525+00:00,149,33,0
pr_00134,eng_023,platform_data,2026-03-02T22:39:07.130138+00:00,2026-03-03T14:20:07.700891+00:00,39,1,1
pr_00135,eng_024,platform_ai_inference,2026-03-02T13:45:48.146132+00:00,2026-03-02T22:56:11.082328+00:00,54,3,2
pr_00136,eng_039,platform_data,2026-02-18T18:57:21.447478+00:00,2026-02-18T21:41:16.771709+00:00,17,218,2
pr_00137,eng_008,platform_data,2026-02-08T04:46:04.525315+00:00,2026-02-08T15:42:46.012067+00:00,51,2,6
pr_00138,eng_025,platform_data,2026-02-12T04:13:41.318771+00:00,2026-02-12T20:14:36.143404+00:00,57,207,5
pr_00139,eng_037,platform_data,2026-02-23T04:20:24.089497+00:00,2026-02-24T01:03:08.504481+00:00,71,7,5
pr_00140,eng_034,platform_infra,2026-03-13T15:40:40.635960+00:00,2026-03-14T16:10:18.134663+00:00,39,4,2
pr_00141,eng_012,product_integrations,2026-04-19T00:29:21.480479+00:00,2026-04-19T14:28:18.877081+00:00,15,23,3
pr_00142,eng_023,platform_data,2026-04-14T09:50:00.099025+00:00,2026-04-14T21:28:34.427478+00:00,40,33,5
pr_00143,eng_033,product_legal,2026-03-12T16:37:43.641859+00:00,2026-03-12T18:24:07.383938+00:00,28,30,6
pr_00144,eng_018,product_corporate,2026-02-13T12:01:27.738855+00:00,2026-02-13T16:43:14.950134+00:00,21,75,0
pr_00145,eng_001,platform_data,2026-01-26T15:29:48.192731+00:00,2026-01-27T04:00:49.427068+00:00,16,9,0
pr_00146,eng_001,platform_data,2026-03-05T06:29:27.736542+00:00,2026-03-07T02:38:35.415249+00:00,68,185,2
pr_00147,eng_029,platform_infra,2026-03-05T08:33:57.795658+00:00,2026-03-05T19:26:12.734661+00:00,29,19,0
pr_00148,eng_005,product_corporate,2026-04-05T00:28:53.314661+00:00,2026-04-05T13:27:07.044216+00:00,58,10,4
pr_00149,eng_014,platform_infra,2026-04-12T16:17:45.971558+00:00,2026-04-13T08:07:35.864761+00:00,324,42,4
pr_00150,eng_020,product_legal,2026-03-15T08:48:40.778093+00:00,2026-03-16T19:00:28.995812+00:00,30,26,0
pr_00151,eng_003,product_legal,2026-04-15T00:04:24.330116+00:00,,41,31,6
pr_00152,eng_023,platform_data,2026-02-01T06:17:53.743100+00:00,2026-02-01T13:05:50.785973+00:00,400,10,3
pr_00153,eng_041,product_corporate,2026-04-10T09:05:25.448781+00:00,2026-04-10T16:10:16.437726+00:00,20,13,0
pr_00154,eng_028,platform_data,2026-04-07T09:10:33.844358+00:00,,61,17,7
pr_00155,eng_013,platform_data,2026-04-05T21:25:04.296061+00:00,2026-04-06T11:32:47.459202+00:00,332,29,4
pr_00156,eng_000,product_corporate,2026-02-21T17:36:50.661080+00:00,2026-02-22T14:52:29.004948+00:00,17,9,1
pr_00157,eng_037,platform_data,2026-03-16T06:09:36.771182+00:00,2026-03-16T07:58:45.548454+00:00,36,103,6
pr_00158,eng_018,product_corporate,2026-04-04T23:25:08.289220+00:00,,49,4,5
pr_00159,eng_036,product_legal,2026-04-10T08:38:38.211176+00:00,,19,6,2
pr_00160,eng_009,product_integrations,2026-01-27T13:02:44.007669+00:00,2026-01-27T20:46:46.328899+00:00,5,37,0
pr_00161,eng_009,product_integrations,2026-03-08T16:56:42.152606+00:00,2026-03-08T22:47:26.230100+00:00,49,15,0
pr_00162,eng_032,product_legal,2026-03-05T15:44:45.180839+00:00,2026-03-06T00:37:43.128345+00:00,39,48,2
pr_00163,eng_037,platform_data,2026-03-14T10:12:39.351318+00:00,2026-03-14T15:47:49.860353+00:00,27,6,0
pr_00164,eng_007,platform_ai_inference,2026-04-12T06:49:24.143595+00:00,2026-04-12T09:34:57.912256+00:00,330,34,1
pr_00165,eng_014,platform_infra,2026-03-24T08:38:37.153969+00:00,2026-03-24T14:12:33.183305+00:00,60,101,3
pr_00166,eng_020,product_legal,2026-04-13T14:38:10.353433+00:00,2026-04-15T03:46:58.462593+00:00,20,138,2
pr_00167,eng_015,product_legal,2026-04-09T15:08:13.908008+00:00,2026-04-09T17:50:56.817746+00:00,99,7,4
pr_00168,eng_039,platform_data,2026-03-30T09:55:06.901860+00:00,2026-03-31T15:39:57.526915+00:00,56,11,5
pr_00169,eng_016,product_integrations,2026-03-04T20:47:15.356694+00:00,2026-03-05T07:47:12.965202+00:00,95,18,1
pr_00170,eng_015,product_legal,2026-03-08T19:48:49.866614+00:00,2026-03-08T22:11:09.776881+00:00,8,17,1
pr_00171,eng_008,platform_data,2026-02-25T15:42:18.360467+00:00,2026-02-25T17:02:42.757853+00:00,195,18,5
pr_00172,eng_008,platform_data,2026-03-21T20:47:40.569607+00:00,2026-03-22T02:55:29.788088+00:00,3,49,5
pr_00173,eng_025,platform_data,2026-04-17T16:31:05.962606+00:00,,76,28,3
pr_00174,eng_029,platform_infra,2026-03-23T03:26:49.995232+00:00,,176,72,0
pr_00175,eng_044,product_integrations,2026-03-04T05:31:43.270153+00:00,2026-03-04T12:12:21.272651+00:00,60,19,1
pr_00176,eng_011,platform_data,2026-02-27T18:46:45.072811+00:00,2026-02-28T03:20:52.834355+00:00,60,53,5
pr_00177,eng_038,platform_data,2026-04-13T00:22:52.289342+00:00,,5,34,3
pr_00178,eng_036,product_legal,2026-02-24T04:31:10.116054+00:00,2026-02-24T14:59:16.478050+00:00,174,98,5
pr_00179,eng_008,platform_data,2026-02-28T15:32:24.789471+00:00,2026-02-28T18:41:04.769100+00:00,28,11,4
pr_00180,eng_024,platform_ai_inference,2026-02-04T23:23:16.984956+00:00,,88,8,3
pr_00181,eng_010,product_corporate,2026-03-14T14:15:33.618677+00:00,2026-03-15T05:40:24.218744+00:00,51,94,2
pr_00182,eng_024,platform_ai_inference,2026-02-06T09:10:48.796207+00:00,,41,58,2
pr_00183,eng_042,platform_data,2026-02-09T17:29:02.134442+00:00,,37,8,0
pr_00184,eng_021,platform_ai_inference,2026-02-23T01:54:16.537594+00:00,2026-02-23T16:32:07.055641+00:00,85,38,4
pr_00185,eng_041,product_corporate,2026-02-19T13:36:53.845120+00:00,2026-02-19T15:04:44.030628+00:00,37,356,2
pr_00186,eng_043,product_integrations,2026-02-03T06:33:49.031693+00:00,2026-02-03T14:23:49.700772+00:00,324,26,2
pr_00187,eng_036,product_legal,2026-03-08T06:16:37.132549+00:00,2026-03-10T14:27:48.134210+00:00,58,54,10
pr_00188,eng_002,platform_ai_inference,2026-04-07T15:00:43.462033+00:00,2026-04-07T20:06:39.035701+00:00,76,19,4
pr_00189,eng_032,product_legal,2026-02-11T04:29:41.954090+00:00,2026-02-11T12:43:01.263237+00:00,135,133,2
pr_00190,eng_015,product_legal,2026-01-26T01:41:51.867250+00:00,2026-01-26T02:38:54.395829+00:00,47,12,0
pr_00191,eng_017,product_legal,2026-02-17T12:08:14.897576+00:00,2026-02-17T23:07:40.584207+00:00,103,36,2
pr_00192,eng_011,platform_data,2026-03-05T17:56:28.849865+00:00,2026-03-06T06:48:36.214919+00:00,3,12,1
pr_00193,eng_032,product_legal,2026-02-19T05:52:54.174957+00:00,2026-02-19T09:46:06.174606+00:00,283,5,5
pr_00194,eng_038,platform_data,2026-03-24T00:38:46.595710+00:00,2026-03-24T08:01:32.622813+00:00,47,99,0
pr_00195,eng_020,product_legal,2026-02-27T01:57:50.707762+00:00,2026-02-27T09:43:25.960375+00:00,14,29,4
pr_00196,eng_038,platform_data,2026-02-12T17:48:33.630980+00:00,2026-02-13T00:16:47.831851+00:00,27,48,0
pr_00197,eng_001,platform_data,2026-03-28T13:37:37.105691+00:00,2026-03-28T15:02:39.282085+00:00,123,86,5
pr_00198,eng_009,product_integrations,2026-03-07T14:48:48.808120+00:00,,17,6,5
pr_00199,eng_030,platform_ai_inference,2026-03-17T14:39:42.802484+00:00,2026-03-18T00:13:06.644963+00:00,268,26,2
pr_00200,eng_000,product_corporate,2026-03-17T21:04:21.695894+00:00,2026-03-18T01:50:45.295232+00:00,38,203,5
pr_00201,eng_037,platform_data,2026-02-25T05:17:55.760124+00:00,2026-02-25T07:40:21.096000+00:00,44,13,4
pr_00202,eng_005,product_corporate,2026-02-19T20:11:37.583139+00:00,2026-02-27T06:06:45.709976+00:00,88,46,1
pr_00203,eng_025,platform_data,2026-03-19T09:25:39.654393+00:00,2026-03-19T14:17:29.446973+00:00,34,31,6
pr_00204,eng_008,platform_data,2026-04-04T07:26:44.040804+00:00,2026-04-06T00:04:54.254781+00:00,20,62,1
pr_00205,eng_013,platform_data,2026-03-02T18:04:44.464795+00:00,2026-03-04T02:32:59.330440+00:00,40,93,1
pr_00206,eng_044,product_integrations,2026-02-18T13:35:03.078041+00:00,2026-02-18T20:17:06.427935+00:00,7,18,2
pr_00207,eng_024,platform_ai_inference,2026-03-10T16:41:49.430798+00:00,2026-03-11T04:46:27.734649+00:00,78,22,0
pr_00208,eng_035,product_integrations,2026-02-17T03:26:32.325116+00:00,2026-02-17T12:45:51.741779+00:00,123,30,5
pr_00209,eng_018,product_corporate,2026-03-07T21:38:53.765164+00:00,,743,374,3
pr_00210,eng_011,platform_data,2026-03-17T23:46:26.829307+00:00,2026-03-18T05:15:43.758196+00:00,80,18,4
pr_00211,eng_009,product_integrations,2026-02-21T01:12:07.379162+00:00,2026-02-21T08:39:30.651883+00:00,22,14,1
pr_00212,eng_020,product_legal,2026-03-16T23:41:26.198887+00:00,2026-03-17T02:56:10.426617+00:00,49,0,4
pr_00213,eng_037,platform_data,2026-04-12T23:21:08.681882+00:00,2026-04-13T04:31:11.526672+00:00,27,23,3
pr_00214,eng_016,product_integrations,2026-04-04T02:40:26.896894+00:00,2026-04-05T10:45:14.848194+00:00,10,22,0
pr_00215,eng_031,product_corporate,2026-03-22T11:14:41.234884+00:00,2026-03-22T20:47:00.523499+00:00,16,34,2
pr_00216,eng_037,platform_data,2026-03-28T13:20:09.811086+00:00,2026-03-28T18:11:47.043799+00:00,31,15,2
pr_00217,eng_002,platform_ai_inference,2026-04-11T23:09:13.835685+00:00,2026-04-14T01:21:06.870400+00:00,63,8,7
pr_00218,eng_017,product_legal,2026-03-24T00:59:49.773582+00:00,2026-03-24T06:21:15.062028+00:00,17,9,4
pr_00219,eng_002,platform_ai_inference,2026-03-08T10:33:05.072800+00:00,2026-03-08T14:03:17.401249+00:00,33,321,1
pr_00220,eng_039,platform_data,2026-04-06T23:06:32.839605+00:00,2026-04-07T03:14:13.975220+00:00,44,6,0
pr_00221,eng_006,platform_infra,2026-02-27T04:08:13.226855+00:00,,238,9,0
pr_00222,eng_032,product_legal,2026-03-30T12:18:13.372042+00:00,2026-03-30T18:54:25.472778+00:00,87,7,4
pr_00223,eng_018,product_corporate,2026-01-31T08:57:42.496306+00:00,,1036,19,3
pr_00224,eng_037,platform_data,2026-03-03T22:06:40.276388+00:00,2026-03-04T00:02:11.056310+00:00,444,121,1
pr_00225,eng_008,platform_data,2026-04-01T17:39:46.741585+00:00,2026-04-02T02:27:06.179734+00:00,145,0,2
pr_00226,eng_014,platform_infra,2026-04-15T20:03:13.085297+00:00,2026-04-16T09:23:45.497969+00:00,72,12,8
pr_00227,eng_039,platform_data,2026-04-05T13:40:41.350423+00:00,2026-04-06T02:19:28.152416+00:00,3,14,5
pr_00228,eng_029,platform_infra,2026-04-06T20:33:09.962752+00:00,2026-04-06T21:40:25.305730+00:00,70,37,3
pr_00229,eng_039,platform_data,2026-03-21T14:25:34.476547+00:00,2026-03-21T22:11:36.858948+00:00,42,4,1
pr_00230,eng_038,platform_data,2026-03-16T11:44:26.278970+00:00,2026-03-16T21:13:16.542356+00:00,10,128,1
pr_00231,eng_037,platform_data,2026-03-10T21:25:35.094101+00:00,2026-03-11T02:20:15.614996+00:00,59,65,4
pr_00232,eng_021,platform_ai_inference,2026-02-05T07:36:23.554968+00:00,2026-02-06T00:25:16.361849+00:00,105,37,2
pr_00233,eng_011,platform_data,2026-02-05T08:38:14.777924+00:00,2026-02-05T19:19:06.551009+00:00,4,19,5
pr_00234,eng_025,platform_data,2026-02-10T13:47:01.114678+00:00,2026-02-10T18:28:38.838675+00:00,11,21,3
pr_00235,eng_029,platform_infra,2026-04-15T20:30:29.117390+00:00,2026-04-16T22:15:28.302024+00:00,914,1,2
pr_00236,eng_035,product_integrations,2026-02-02T13:00:49.017264+00:00,2026-02-02T17:37:42.358335+00:00,9,15,0
pr_00237,eng_008,platform_data,2026-02-01T05:00:05.492508+00:00,2026-02-02T04:03:44.353253+00:00,113,5,3
pr_00238,eng_012,product_integrations,2026-02-23T01:20:07.627074+00:00,2026-02-23T10:54:24.346484+00:00,8,7,4
pr_00239,eng_037,platform_data,2026-03-05T00:53:32.905945+00:00,2026-03-05T02:48:02.480000+00:00,92,61,1
pr_00240,eng_036,product_legal,2026-02-08T11:29:54.173970+00:00,2026-02-08T13:06:15.022406+00:00,163,10,5
pr_00241,eng_027,platform_infra,2026-04-11T19:23:35.221667+00:00,2026-04-11T22:48:32.886175+00:00,23,37,2
pr_00242,eng_034,platform_infra,2026-02-04T11:33:47.195122+00:00,2026-02-04T15:09:21.978596+00:00,12,24,0
pr_00243,eng_040,product_corporate,2026-03-07T03:45:00.239476+00:00,2026-03-07T06:30:58.541247+00:00,1294,17,3
pr_00244,eng_002,platform_ai_inference,2026-04-03T16:11:44.792625+00:00,2026-04-04T00:21:06.581305+00:00,93,985,4
pr_00245,eng_009,product_integrations,2026-02-19T21:41:35.393403+00:00,2026-02-21T07:53:54.291458+00:00,74,38,7
pr_00246,eng_016,product_integrations,2026-04-03T17:10:22.792423+00:00,2026-04-03T19:55:42.699747+00:00,66,39,4
pr_00247,eng_034,platform_infra,2026-04-03T02:38:29.069656+00:00,2026-04-03T06:43:43.798821+00:00,17,9,0
pr_00248,eng_035,product_integrations,2026-02-09T02:42:03.652219+00:00,2026-02-09T08:18:19.702454+00:00,71,43,4
pr_00249,eng_019,platform_ai_inference,2026-04-17T21:50:30.069738+00:00,2026-04-18T02:20:27.357835+00:00,11,7,0
pr_00250,eng_001,platform_data,2026-03-15T23:47:26.000985+00:00,2026-03-17T05:55:26.788814+00:00,160,13,4
pr_00251,eng_032,product_legal,2026-04-01T03:15:36.451746+00:00,2026-04-01T13:44:00.712993+00:00,18,18,0
pr_00252,eng_008,platform_data,2026-04-11T00:59:06.468102+00:00,,109,80,2
pr_00253,eng_010,product_corporate,2026-04-19T14:14:22.160196+00:00,2026-04-19T21:41:11.417944+00:00,28,100,0
pr_00254,eng_029,platform_infra,2026-02-05T21:57:40.391090+00:00,2026-02-06T15:00:31.754872+00:00,20,21,4
pr_00255,eng_004,product_legal,2026-04-12T21:02:42.373760+00:00,2026-04-13T06:52:35.559003+00:00,133,3,3
pr_00256,eng_007,platform_ai_inference,2026-04-12T16:25:22.721701+00:00,2026-04-12T20:29:31.454307+00:00,39,262,2
pr_00257,eng_035,product_integrations,2026-02-12T00:23:57.285382+00:00,,30,6,8
pr_00258,eng_044,product_integrations,2026-02-10T14:48:09.199064+00:00,2026-02-11T04:22:30.949119+00:00,10,53,2
pr_00259,eng_028,platform_data,2026-03-18T13:27:22.705481+00:00,2026-03-18T16:19:01.445978+00:00,9,17,2
pr_00260,eng_041,product_corporate,2026-01-28T14:51:40.755715+00:00,2026-01-28T18:16:09.785689+00:00,51,12,0
pr_00261,eng_019,platform_ai_inference,2026-02-26T15:14:06.966858+00:00,2026-02-27T05:58:33.307086+00:00,22,3,0
pr_00262,eng_002,platform_ai_inference,2026-02-24T03:13:42.483637+00:00,2026-02-24T13:57:58.486047+00:00,77,46,3
pr_00263,eng_041,product_corporate,2026-02-01T21:39:43.591694+00:00,2026-02-02T01:08:15.220093+00:00,15,1,3
pr_00264,eng_036,product_legal,2026-02-04T05:53:54.757001+00:00,2026-02-06T04:54:57.623518+00:00,89,18,2
pr_00265,eng_005,product_corporate,2026-04-10T20:37:53.812221+00:00,2026-04-10T23:51:36.165060+00:00,82,146,3
pr_00266,eng_020,product_legal,2026-03-19T11:11:23.041097+00:00,2026-03-19T16:58:20.062854+00:00,75,13,1
pr_00267,eng_017,product_legal,2026-03-17T21:55:07.537206+00:00,2026-03-18T17:23:14.433304+00:00,24,5,3
pr_00268,eng_017,product_legal,2026-02-22T07:30:02.544843+00:00,,7,348,5
pr_00269,eng_030,platform_ai_inference,2026-02-02T06:08:50.414067+00:00,2026-02-03T06:42:13.926408+00:00,105,4,7
pr_00270,eng_013,platform_data,2026-03-28T11:53:43.924299+00:00,,108,119,0
pr_00271,eng_007,platform_ai_inference,2026-01-31T19:57:36.880924+00:00,2026-02-01T02:14:09.053574+00:00,96,11,3
pr_00272,eng_026,platform_data,2026-03-14T09:32:35.820558+00:00,2026-03-15T17:08:27.210665+00:00,152,14,3
pr_00273,eng_039,platform_data,2026-01-27T02:29:47.923084+00:00,2026-01-27T21:30:45.392256+00:00,21,256,0
pr_00274,eng_029,platform_infra,2026-04-02T22:21:15.874312+00:00,2026-04-03T05:57:55.077930+00:00,98,9,4
pr_00275,eng_009,product_integrations,2026-02-13T20:38:39.880045+00:00,2026-02-14T00:30:22.680945+00:00,52,17,0
pr_00276,eng_036,product_legal,2026-04-11T10:02:14.671930+00:00,2026-04-11T13:37:49.817481+00:00,59,78,3
pr_00277,eng_040,product_corporate,2026-04-16T00:59:10.429126+00:00,2026-04-16T04:48:08.875420+00:00,244,109,3
pr_00278,eng_030,platform_ai_inference,2026-04-07T05:48:28.402158+00:00,2026-04-07T22:46:39.464230+00:00,60,31,4
pr_00279,eng_035,product_integrations,2026-03-01T04:17:51.420585+00:00,2026-03-01T07:14:05.275798+00:00,298,34,4
pr_00280,eng_004,product_legal,2026-03-08T13:38:56.024457+00:00,,64,3,5
pr_00281,eng_024,platform_ai_inference,2026-03-19T15:45:27.409117+00:00,2026-03-19T18:21:30.425254+00:00,395,19,1
pr_00282,eng_022,platform_data,2026-03-07T21:15:37.037231+00:00,2026-03-08T00:50:36.251233+00:00,19,9,4
pr_00283,eng_017,product_legal,2026-03-14T18:58:42.786798+00:00,2026-03-16T07:42:13.942398+00:00,57,161,0
pr_00284,eng_037,platform_data,2026-02-01T10:48:01.709078+00:00,,198,6,1
pr_00285,eng_023,platform_data,2026-03-18T14:22:08.328139+00:00,2026-03-19T20:59:03.837037+00:00,241,82,3
pr_00286,eng_041,product_corporate,2026-04-06T06:29:11.071907+00:00,2026-04-06T14:15:16.789598+00:00,138,6,4
pr_00287,eng_014,platform_infra,2026-01-26T04:39:45.003445+00:00,2026-01-26T10:19:35.361584+00:00,202,147,5
pr_00288,eng_016,product_integrations,2026-03-16T11:03:11.319694+00:00,2026-03-16T13:05:46.494724+00:00,91,680,0
pr_00289,eng_036,product_legal,2026-03-01T23:23:07.057719+00:00,2026-03-02T07:49:53.734653+00:00,6,32,3
pr_00290,eng_033,product_legal,2026-03-09T13:45:48.737349+00:00,,112,13,1
pr_00291,eng_023,platform_data,2026-03-23T00:57:55.590927+00:00,2026-03-24T13:22:12.023462+00:00,75,4,1
pr_00292,eng_029,platform_infra,2026-03-09T00:35:41.968277+00:00,2026-03-09T11:34:07.329069+00:00,95,7,5
pr_00293,eng_018,product_corporate,2026-03-20T06:49:09.994265+00:00,2026-03-20T16:06:14.674957+00:00,61,3,0
pr_00294,eng_014,platform_infra,2026-04-18T04:20:25.615761+00:00,,79,40,8
pr_00295,eng_003,product_legal,2026-01-29T19:50:34.980309+00:00,2026-01-30T18:03:58.806997+00:00,66,13,4
pr_00296,eng_023,platform_data,2026-02-18T08:15:48.298355+00:00,2026-02-18T12:06:16.550302+00:00,34,104,4
pr_00297,eng_020,product_legal,2026-03-24T02:28:18.177408+00:00,2026-03-24T07:43:37.137353+00:00,19,33,3
pr_00298,eng_001,platform_data,2026-04-03T13:16:21.959388+00:00,2026-04-04T04:22:53.101001+00:00,105,39,2
pr_00299,eng_024,platform_ai_inference,2026-04-18T22:29:10.184834+00:00,2026-04-19T14:41:34.145576+00:00,335,16,7
pr_00300,eng_041,product_corporate,2026-02-21T23:45:16.172843+00:00,2026-02-22T20:22:59.806594+00:00,54,34,3
pr_00301,eng_034,platform_infra,2026-04-11T02:12:21.566369+00:00,,206,240,0
pr_00302,eng_019,platform_ai_inference,2026-01-28T05:42:38.329443+00:00,2026-01-28T21:22:45.883155+00:00,82,10,0
pr_00303,eng_031,product_corporate,2026-04-13T08:06:36.118995+00:00,,125,5,0
pr_00304,eng_005,product_corporate,2026-03-22T08:04:34.065511+00:00,,34,101,1
pr_00305,eng_017,product_legal,2026-03-09T18:46:12.901006+00:00,2026-03-10T19:34:32.043928+00:00,74,5,5
pr_00306,eng_020,product_legal,2026-02-04T16:01:46.432392+00:00,2026-02-05T09:29:35.659341+00:00,31,14,2
pr_00307,eng_033,product_legal,2026-04-03T15:07:17.554401+00:00,,89,171,5
pr_00308,eng_028,platform_data,2026-02-12T05:12:59.509141+00:00,2026-02-12T10:53:46.103412+00:00,11,7,3
pr_00309,eng_007,platform_ai_inference,2026-04-14T19:24:57.347250+00:00,2026-04-15T00:26:15.157147+00:00,81,73,2
pr_00310,eng_014,platform_infra,2026-03-23T03:32:21.538640+00:00,2026-03-24T08:25:22.419320+00:00,58,65,1
pr_00311,eng_044,product_integrations,2026-01-30T15:58:18.573944+00:00,2026-01-30T22:16:16.698828+00:00,55,14,3
pr_00312,eng_028,platform_data,2026-03-09T04:59:08.958272+00:00,,180,214,4
pr_00313,eng_023,platform_data,2026-04-18T02:42:42.919358+00:00,2026-04-19T03:36:18.241603+00:00,19,53,4
pr_00314,eng_018,product_corporate,2026-02-28T17:56:38.060611+00:00,2026-03-01T07:23:54.709681+00:00,9,21,3
pr_00315,eng_001,platform_data,2026-02-18T15:19:12.343839+00:00,,155,93,5
pr_00316,eng_009,product_integrations,2026-04-07T05:45:56.593762+00:00,2026-04-07T08:36:06.603239+00:00,38,8,2
pr_00317,eng_003,product_legal,2026-02-15T20:17:24.438767+00:00,2026-02-16T16:49:50.635323+00:00,74,46,2
pr_00318,eng_006,platform_infra,2026-03-12T21:52:25.516641+00:00,2026-03-13T04:14:52.137592+00:00,47,44,2
pr_00319,eng_031,product_corporate,2026-04-07T07:53:33.980064+00:00,2026-04-07T11:04:25.616081+00:00,32,42,2
pr_00320,eng_000,product_corporate,2026-02-05T18:11:20.921260+00:00,2026-02-05T18:55:32.088963+00:00,403,3,2
pr_00321,eng_028,platform_data,2026-03-01T05:31:49.501683+00:00,,33,217,4
pr_00322,eng_013,platform_data,2026-03-02T06:55:26.894905+00:00,2026-03-02T23:13:57.169954+00:00,79,82,1
pr_00323,eng_012,product_integrations,2026-03-18T11:23:59.178453+00:00,2026-03-18T14:58:39.785694+00:00,60,56,5
pr_00324,eng_032,product_legal,2026-03-15T17:40:44.398934+00:00,2026-03-15T20:00:57.043077+00:00,9,69,5
pr_00325,eng_014,platform_infra,2026-03-23T14:54:04.038448+00:00,2026-03-23T16:21:01.593872+00:00,157,92,0
pr_00326,eng_008,platform_data,2026-03-07T11:17:38.085087+00:00,2026-03-08T09:21:23.192760+00:00,351,30,5
pr_00327,eng_030,platform_ai_inference,2026-02-09T13:41:03.286297+00:00,2026-02-10T19:47:07.241359+00:00,25,12,1
pr_00328,eng_030,platform_ai_inference,2026-03-21T20:20:04.061703+00:00,2026-03-22T08:09:33.649788+00:00,133,2,5
pr_00329,eng_040,product_corporate,2026-03-20T17:49:46.293769+00:00,2026-03-21T09:57:34.587842+00:00,30,58,3
pr_00330,eng_038,platform_data,2026-02-20T17:16:08.901266+00:00,2026-02-20T19:47:58.007995+00:00,37,56,5
pr_00331,eng_027,platform_infra,2026-04-03T21:59:42.534405+00:00,2026-04-04T16:00:01.599173+00:00,522,106,7
pr_00332,eng_031,product_corporate,2026-02-15T17:47:59.997534+00:00,2026-02-15T21:23:49.452583+00:00,43,55,8
pr_00333,eng_019,platform_ai_inference,2026-04-11T22:21:56.230503+00:00,,50,15,2
pr_00334,eng_033,product_legal,2026-02-09T08:42:57.442944+00:00,2026-02-09T18:37:17.262694+00:00,28,58,2
pr_00335,eng_006,platform_infra,2026-03-17T15:14:58.467270+00:00,2026-03-19T09:20:20.462784+00:00,70,91,0
pr_00336,eng_005,product_corporate,2026-03-26T23:01:26.896150+00:00,2026-03-28T09:00:10.490252+00:00,40,83,0
pr_00337,eng_033,product_legal,2026-03-09T07:22:58.366596+00:00,2026-03-10T20:21:05.911608+00:00,150,88,2
pr_00338,eng_034,platform_infra,2026-01-31T22:44:47.274721+00:00,2026-02-01T07:35:06.200675+00:00,82,228,5
pr_00339,eng_002,platform_ai_inference,2026-01-29T04:00:27.294506+00:00,2026-01-31T12:33:18.082172+00:00,8,23,3
pr_00340,eng_007,platform_ai_inference,2026-04-06T13:14:34.000746+00:00,2026-04-06T22:20:40.730940+00:00,6,53,3
pr_00341,eng_021,platform_ai_inference,2026-04-15T08:30:50.738652+00:00,2026-04-15T16:23:02.822680+00:00,195,36,4
pr_00342,eng_042,platform_data,2026-03-07T06:12:11.466847+00:00,,32,88,4
pr_00343,eng_008,platform_data,2026-03-21T02:43:49.590382+00:00,2026-03-21T20:02:39.791543+00:00,25,134,2
pr_00344,eng_016,product_integrations,2026-02-21T22:23:09.671232+00:00,2026-02-22T00:27:57.681958+00:00,33,930,5
pr_00345,eng_033,product_legal,2026-03-31T15:55:43.381291+00:00,2026-03-31T18:16:11.557825+00:00,7,8,2
pr_00346,eng_017,product_legal,2026-04-18T20:58:46.235026+00:00,2026-04-19T02:11:54.970450+00:00,1566,2,3
pr_00347,eng_040,product_corporate,2026-04-01T22:43:18.170378+00:00,,25,42,4
pr_00348,eng_031,product_corporate,2026-01-28T02:32:00.273244+00:00,2026-01-28T13:49:53.857936+00:00,1,21,2
pr_00349,eng_004,product_legal,2026-02-10T02:00:00.053291+00:00,2026-02-10T14:19:14.598721+00:00,111,35,5
pr_00350,eng_032,product_legal,2026-04-14T10:52:16.865939+00:00,2026-04-15T08:10:38.075639+00:00,131,29,4
pr_00351,eng_038,platform_data,2026-03-06T14:33:52.355744+00:00,2026-03-07T22:24:25.537536+00:00,22,12,6
pr_00352,eng_042,platform_data,2026-02-02T01:19:57.297645+00:00,2026-02-02T17:18:05.207979+00:00,6,195,2
pr_00353,eng_006,platform_infra,2026-03-05T15:05:54.510030+00:00,2026-03-05T17:31:00.048182+00:00,678,363,0
pr_00354,eng_042,platform_data,2026-03-19T12:28:39.695636+00:00,,28,32,2
pr_00355,eng_022,platform_data,2026-01-30T03:27:14.970359+00:00,,21,8,1
pr_00356,eng_037,platform_data,2026-03-21T10:10:17.940101+00:00,2026-03-21T15:22:20.334619+00:00,5,12,3
pr_00357,eng_041,product_corporate,2026-02-17T03:13:12.942195+00:00,2026-02-17T12:32:35.896127+00:00,38,9,4
pr_00358,eng_036,product_legal,2026-01-30T11:28:55.007234+00:00,2026-01-30T15:06:40.355697+00:00,74,8,1
pr_00359,eng_044,product_integrations,2026-03-23T20:08:55.841993+00:00,2026-03-24T09:50:05.039405+00:00,51,18,5
pr_00360,eng_029,platform_infra,2026-02-12T18:03:48.364790+00:00,2026-02-13T01:03:51.848516+00:00,107,52,2
pr_00361,eng_040,product_corporate,2026-02-16T08:41:14.858207+00:00,2026-02-16T17:20:23.060305+00:00,35,8,3
pr_00362,eng_001,platform_data,2026-04-17T08:41:36.103292+00:00,2026-04-17T09:11:55.084501+00:00,44,20,0
pr_00363,eng_033,product_legal,2026-04-18T15:37:44.188115+00:00,2026-04-19T11:49:29.606617+00:00,52,10,0
pr_00364,eng_000,product_corporate,2026-04-18T20:08:33.330048+00:00,,23,23,1
pr_00365,eng_031,product_corporate,2026-04-16T21:37:13.533728+00:00,,37,74,3
pr_00366,eng_006,platform_infra,2026-03-23T19:04:06.533162+00:00,2026-03-23T21:26:18.505480+00:00,53,8,3
pr_00367,eng_030,platform_ai_inference,2026-02-01T12:11:48.203463+00:00,2026-02-01T14:14:40.778828+00:00,240,74,2
pr_00368,eng_036,product_legal,2026-02-18T14:34:44.875492+00:00,2026-02-18T21:55:27.662983+00:00,23,12,0
pr_00369,eng_038,platform_data,2026-04-19T18:29:16.393895+00:00,2026-04-20T02:25:04.064172+00:00,80,15,8
pr_00370,eng_006,platform_infra,2026-04-08T22:51:40.947426+00:00,2026-04-09T04:04:54.389479+00:00,22,10,6
pr_00371,eng_030,platform_ai_inference,2026-02-21T09:10:50.581612+00:00,2026-02-21T10:07:48.068057+00:00,174,8,3
pr_00372,eng_031,product_corporate,2026-01-28T14:54:32.822231+00:00,2026-01-28T21:25:47.209529+00:00,67,70,2
pr_00373,eng_010,product_corporate,2026-02-05T20:07:23.928619+00:00,2026-02-05T22:47:26.295529+00:00,73,86,2
pr_00374,eng_018,product_corporate,2026-02-15T07:06:32.356510+00:00,2026-02-15T12:58:07.435750+00:00,40,76,0
pr_00375,eng_039,platform_data,2026-02-02T16:37:39.875337+00:00,2026-02-03T23:03:20.400101+00:00,14,38,0
pr_00376,eng_012,product_integrations,2026-02-26T14:13:26.799825+00:00,2026-02-26T18:37:51.344534+00:00,84,4,4
pr_00377,eng_000,product_corporate,2026-03-04T12:33:52.071379+00:00,2026-03-04T19:24:52.707919+00:00,26,18,0
pr_00378,eng_009,product_integrations,2026-04-14T11:56:09.189745+00:00,2026-04-14T21:03:41.008667+00:00,6,132,2
pr_00379,eng_030,platform_ai_inference,2026-03-09T16:39:46.441296+00:00,2026-03-09T18:53:41.248032+00:00,78,4,2
pr_00380,eng_013,platform_data,2026-01-30T08:01:38.687415+00:00,2026-01-30T13:11:36.969069+00:00,618,18,4
pr_00381,eng_039,platform_data,2026-02-12T07:15:22.478426+00:00,2026-02-12T11:28:59.350347+00:00,13,8,3
pr_00382,eng_006,platform_infra,2026-03-12T09:53:46.321355+00:00,2026-03-13T05:26:20.940461+00:00,38,20,4
pr_00383,eng_043,product_integrations,2026-02-20T11:30:35.810826+00:00,2026-02-20T19:38:45.089625+00:00,51,8,2
pr_00384,eng_008,platform_data,2026-03-04T16:31:03.707569+00:00,2026-03-04T20:48:11.855956+00:00,51,146,4
pr_00385,eng_036,product_legal,2026-03-21T05:43:27.760371+00:00,2026-03-21T10:32:20.816227+00:00,7,33,3
pr_00386,eng_008,platform_data,2026-03-14T19:31:46.334661+00:00,2026-03-15T17:16:39.378023+00:00,7,10,4
pr_00387,eng_023,platform_data,2026-02-19T20:39:46.669695+00:00,2026-02-20T01:15:00.007598+00:00,32,0,0
pr_00388,eng_022,platform_data,2026-03-30T22:18:54.227395+00:00,,170,150,6
pr_00389,eng_035,product_integrations,2026-02-25T19:36:35.497018+00:00,2026-02-26T06:14:39.661769+00:00,28,49,2
pr_00390,eng_026,platform_data,2026-02-25T19:36:49.212583+00:00,2026-02-26T00:40:32.442977+00:00,98,114,8
pr_00391,eng_033,product_legal,2026-04-17T13:41:01.534237+00:00,2026-04-18T02:54:46.077192+00:00,118,14,5
pr_00392,eng_013,platform_data,2026-03-24T21:14:42.455772+00:00,2026-03-25T00:15:36.167812+00:00,35,22,0
pr_00393,eng_010,product_corporate,2026-02-14T18:08:02.811498+00:00,2026-02-15T05:38:19.179042+00:00,406,16,6
pr_00394,eng_042,platform_data,2026-02-19T15:03:31.401483+00:00,2026-02-19T20:16:59.470681+00:00,6,17,0
pr_00395,eng_032,product_legal,2026-01-27T14:41:10.706368+00:00,2026-01-27T20:32:41.261048+00:00,670,31,8
pr_00396,eng_035,product_integrations,2026-02-27T02:24:39.808410+00:00,2026-02-27T05:20:04.827463+00:00,168,34,8
pr_00397,eng_035,product_integrations,2026-01-31T10:01:39.174621+00:00,2026-02-01T01:35:18.614644+00:00,209,12,5
pr_00398,eng_014,platform_infra,2026-02-22T06:51:44.923688+00:00,2026-02-22T14:24:37.659814+00:00,4,33,6
pr_00399,eng_017,product_legal,2026-03-30T15:46:16.572090+00:00,2026-03-30T17:55:34.719619+00:00,420,8,3
pr_00400,eng_006,platform_infra,2026-02-07T09:43:12.302722+00:00,2026-02-07T16:49:54.298949+00:00,25,14,5
pr_00401,eng_034,platform_infra,2026-04-19T14:19:33.224219+00:00,2026-04-19T18:47:35.880510+00:00,190,56,1
pr_00402,eng_035,product_integrations,2026-03-31T02:31:42.308421+00:00,2026-03-31T06:34:04.864806+00:00,86,19,5
pr_00403,eng_039,platform_data,2026-04-14T21:41:19.532514+00:00,2026-04-17T05:33:34.755274+00:00,38,35,3
pr_00404,eng_012,product_integrations,2026-03-12T10:41:12.187121+00:00,2026-03-12T15:11:26.726660+00:00,7,8,5
pr_00405,eng_001,platform_data,2026-03-23T21:18:35.886847+00:00,2026-03-24T14:21:42.640437+00:00,77,5,0
pr_00406,eng_041,product_corporate,2026-04-02T20:15:34.982875+00:00,2026-04-02T23:54:18.890362+00:00,20,130,1
pr_00407,eng_007,platform_ai_inference,2026-04-09T22:45:10.370025+00:00,2026-04-11T02:51:15.443249+00:00,54,88,3
pr_00408,eng_018,product_corporate,2026-02-14T06:29:00.741712+00:00,2026-02-14T14:46:43.707075+00:00,177,23,7
pr_00409,eng_040,product_corporate,2026-04-17T07:35:36.702671+00:00,,51,36,0
pr_00410,eng_012,product_integrations,2026-02-12T02:56:12.568789+00:00,2026-02-12T18:36:06.552290+00:00,43,42,6
pr_00411,eng_035,product_integrations,2026-03-01T06:50:25.540859+00:00,2026-03-01T20:43:51.089908+00:00,75,2,3
pr_00412,eng_041,product_corporate,2026-04-11T20:23:52.000607+00:00,2026-04-11T22:56:23.782902+00:00,240,2,4
pr_00413,eng_002,platform_ai_inference,2026-04-10T04:01:22.695656+00:00,2026-04-10T23:43:50.955466+00:00,31,9,0
pr_00414,eng_034,platform_infra,2026-02-10T21:29:09.026627+00:00,2026-02-11T15:30:21.630611+00:00,585,79,3
pr_00415,eng_005,product_corporate,2026-02-10T00:08:44.453469+00:00,2026-02-10T03:23:25.625556+00:00,11,20,2
pr_00416,eng_037,platform_data,2026-04-10T12:31:55.759521+00:00,2026-04-10T23:54:38.171014+00:00,336,49,1
pr_00417,eng_019,platform_ai_inference,2026-01-30T16:36:18.361426+00:00,2026-01-30T21:23:41.240317+00:00,23,6,0
pr_00418,eng_043,product_integrations,2026-04-12T22:50:47.818399+00:00,2026-04-13T00:31:16.439625+00:00,637,65,5
pr_00419,eng_041,product_corporate,2026-02-07T14:29:21.392469+00:00,2026-02-07T18:48:11.518923+00:00,16,6,2
pr_00420,eng_025,platform_data,2026-03-26T11:32:03.628525+00:00,2026-03-26T17:53:16.233564+00:00,117,158,2
pr_00421,eng_042,platform_data,2026-03-03T04:31:50.943931+00:00,2026-03-03T10:03:45.754321+00:00,31,17,3
pr_00422,eng_006,platform_infra,2026-03-29T03:19:38.258850+00:00,,143,6,3
pr_00423,eng_034,platform_infra,2026-02-25T23:52:41.650091+00:00,2026-02-26T09:33:05.097000+00:00,16,6,3
pr_00424,eng_014,platform_infra,2026-02-18T15:18:37.374879+00:00,2026-02-18T20:08:51.451977+00:00,96,2,0
pr_00425,eng_000,product_corporate,2026-03-08T22:05:09.592207+00:00,2026-03-08T23:49:58.935661+00:00,63,159,0
pr_00426,eng_020,product_legal,2026-04-09T04:45:33.147721+00:00,2026-04-09T11:48:09.852473+00:00,1,11,2
pr_00427,eng_004,product_legal,2026-04-10T02:41:35.111227+00:00,2026-04-10T07:11:35.976740+00:00,54,7,0
pr_00428,eng_023,platform_data,2026-03-19T09:44:00.348841+00:00,2026-03-19T11:34:55.483975+00:00,8,3,3
pr_00429,eng_034,platform_infra,2026-02-25T10:34:55.852786+00:00,2026-02-26T18:44:59.681331+00:00,11,57,1
pr_00430,eng_037,platform_data,2026-04-07T10:00:04.928082+00:00,2026-04-07T17:30:51.061672+00:00,18,7,5
pr_00431,eng_015,product_legal,2026-01-27T06:17:27.903986+00:00,,37,20,0
pr_00432,eng_002,platform_ai_inference,2026-02-17T16:01:12.321859+00:00,2026-02-17T21:18:15.384303+00:00,8,12,4
pr_00433,eng_032,product_legal,2026-02-21T16:58:03.792221+00:00,2026-02-21T23:22:44.692601+00:00,228,41,0
pr_00434,eng_009,product_integrations,2026-03-10T08:37:23.885599+00:00,2026-03-10T13:00:27.241272+00:00,15,1,0
pr_00435,eng_001,platform_data,2026-02-08T11:22:05.069669+00:00,2026-02-09T03:14:46.306707+00:00,11,7,4
pr_00436,eng_021,platform_ai_inference,2026-03-06T02:35:42.904393+00:00,2026-03-07T01:01:13.487187+00:00,62,25,3
pr_00437,eng_016,product_integrations,2026-02-06T02:16:19.730029+00:00,2026-02-06T12:38:07.365126+00:00,46,12,2
pr_00438,eng_018,product_corporate,2026-03-12T18:38:17.026365+00:00,,25,10,2
pr_00439,eng_033,product_legal,2026-03-23T21:34:45.413940+00:00,2026-03-24T14:21:53.620352+00:00,28,272,4
pr_00440,eng_036,product_legal,2026-02-11T21:25:14.326594+00:00,2026-02-12T05:41:01.867787+00:00,7,2,2
pr_00441,eng_011,platform_data,2026-03-23T16:48:10.684288+00:00,2026-03-24T03:04:05.586083+00:00,15,59,11
pr_00442,eng_005,product_corporate,2026-03-23T05:32:14.797797+00:00,2026-03-24T07:02:51.534434+00:00,28,4,3
pr_00443,eng_003,product_legal,2026-04-01T09:29:41.202358+00:00,2026-04-01T13:54:34.026350+00:00,58,18,3
pr_00444,eng_019,platform_ai_inference,2026-03-31T07:55:02.152448+00:00,,1,9,5
pr_00445,eng_023,platform_data,2026-04-17T04:16:59.766424+00:00,2026-04-17T16:11:32.050908+00:00,253,45,0
pr_00446,eng_035,product_integrations,2026-03-27T07:35:02.611359+00:00,2026-03-27T14:55:16.309349+00:00,34,20,1
pr_00447,eng_042,platform_data,2026-01-30T00:22:46.838941+00:00,2026-01-30T04:12:43.349106+00:00,26,41,5
pr_00448,eng_033,product_legal,2026-04-04T14:38:43.193848+00:00,2026-04-04T17:58:55.609965+00:00,36,2,2
pr_00449,eng_040,product_corporate,2026-02-20T20:30:18.643121+00:00,2026-02-20T22:39:36.867566+00:00,10,1,4
pr_00450,eng_002,platform_ai_inference,2026-02-16T06:24:31.602943+00:00,2026-02-16T17:50:02.833016+00:00,179,11,5
pr_00451,eng_019,platform_ai_inference,2026-03-15T14:49:35.965283+00:00,2026-03-16T00:33:41.387055+00:00,8,10,0
pr_00452,eng_021,platform_ai_inference,2026-02-16T07:46:36.586055+00:00,2026-02-16T20:31:02.966078+00:00,74,17,3
pr_00453,eng_015,product_legal,2026-03-06T20:41:59.471039+00:00,2026-03-06T22:23:04.470320+00:00,112,2,4
pr_00454,eng_041,product_corporate,2026-04-07T06:39:12.838895+00:00,2026-04-07T12:24:50.619475+00:00,37,106,0
pr_00455,eng_035,product_integrations,2026-03-13T15:11:32.848539+00:00,2026-03-13T17:06:53.818103+00:00,523,17,1
pr_00456,eng_002,platform_ai_inference,2026-04-18T03:46:20.400429+00:00,2026-04-18T06:01:55.390103+00:00,93,36,1
pr_00457,eng_006,platform_infra,2026-02-09T23:21:42.827747+00:00,2026-02-10T08:24:23.171638+00:00,74,19,0
pr_00458,eng_021,platform_ai_inference,2026-01-30T03:03:40.785933+00:00,2026-01-30T05:48:44.418500+00:00,25,27,6
pr_00459,eng_009,product_integrations,2026-03-26T15:14:24.876335+00:00,2026-03-26T20:05:23.348616+00:00,62,30,4
pr_00460,eng_041,product_corporate,2026-03-18T05:12:55.393581+00:00,2026-03-19T02:34:03.997534+00:00,569,155,9
pr_00461,eng_033,product_legal,2026-03-21T20:23:51.357612+00:00,2026-03-23T03:57:04.417339+00:00,42,133,1
pr_00462,eng_008,platform_data,2026-04-15T10:28:53.680749+00:00,2026-04-15T15:14:21.573930+00:00,14,50,0
pr_00463,eng_008,platform_data,2026-01-28T18:58:41.617077+00:00,2026-01-28T23:18:51.877640+00:00,29,81,2
pr_00464,eng_009,product_integrations,2026-02-12T03:43:08.794834+00:00,,56,16,0
pr_00465,eng_017,product_legal,2026-03-20T19:49:29.760087+00:00,,7,90,6
pr_00466,eng_016,product_integrations,2026-02-03T14:33:35.925139+00:00,2026-02-03T21:41:31.552102+00:00,42,10,5
pr_00467,eng_011,platform_data,2026-03-11T18:23:22.398289+00:00,2026-03-11T20:34:06.015675+00:00,232,23,2
pr_00468,eng_010,product_corporate,2026-02-02T14:03:23.918400+00:00,2026-02-03T12:16:54.976777+00:00,10,143,7
pr_00469,eng_033,product_legal,2026-03-30T00:46:45.768216+00:00,2026-03-30T15:07:57.010038+00:00,123,31,0
pr_00470,eng_041,product_corporate,2026-03-20T19:55:07.782330+00:00,2026-03-20T22:29:33.321050+00:00,69,124,2
pr_00471,eng_018,product_corporate,2026-02-02T04:40:19.472827+00:00,,46,24,2
pr_00472,eng_020,product_legal,2026-03-27T09:49:11.350076+00:00,2026-03-27T18:40:38.219406+00:00,85,13,5
pr_00473,eng_002,platform_ai_inference,2026-04-17T01:47:16.631345+00:00,2026-04-17T06:34:59.286103+00:00,76,68,2
pr_00474,eng_006,platform_infra,2026-04-17T03:35:56.705821+00:00,2026-04-19T11:34:53.258648+00:00,23,5,9
pr_00475,eng_010,product_corporate,2026-02-26T22:51:40.492123+00:00,,67,15,0
pr_00476,eng_034,platform_infra,2026-02-02T19:17:31.733657+00:00,2026-02-03T23:18:36.195332+00:00,5,235,2
pr_00477,eng_041,product_corporate,2026-02-03T02:47:03.190438+00:00,2026-02-03T07:17:06.100790+00:00,27,76,4
pr_00478,eng_038,platform_data,2026-02-19T10:22:29.094735+00:00,2026-02-20T09:41:19.691656+00:00,62,2,0
pr_00479,eng_034,platform_infra,2026-04-13T04:04:08.135440+00:00,2026-04-13T11:39:01.087262+00:00,31,8,5
pr_00480,eng_035,product_integrations,2026-01-31T15:05:27.421634+00:00,2026-02-01T04:55:54.869794+00:00,49,47,0
pr_00481,eng_042,platform_data,2026-02-03T07:43:46.474661+00:00,2026-02-03T16:11:36.350423+00:00,12,88,5
pr_00482,eng_018,product_corporate,2026-02-04T05:16:49.564511+00:00,2026-02-04T13:07:26.500114+00:00,135,27,1
pr_00483,eng_039,platform_data,2026-03-12T14:32:43.320342+00:00,2026-03-12T19:12:03.508437+00:00,95,36,1
pr_00484,eng_035,product_integrations,2026-02-09T04:31:27.600071+00:00,,17,301,8
pr_00485,eng_017,product_legal,2026-03-24T22:43:05.140849+00:00,2026-03-25T00:15:47.255578+00:00,19,34,3
pr_00486,eng_008,platform_data,2026-04-06T19:54:52.014499+00:00,2026-04-06T22:16:17.135154+00:00,95,10,1
pr_00487,eng_041,product_corporate,2026-03-04T16:49:44.829430+00:00,2026-03-04T19:43:36.930259+00:00,151,26,2
pr_00488,eng_038,platform_data,2026-04-13T08:40:21.706916+00:00,2026-04-13T14:39:29.276833+00:00,140,42,9
pr_00489,eng_012,product_integrations,2026-03-31T13:07:55.149281+00:00,2026-03-31T23:07:51.151997+00:00,72,21,2
pr_00490,eng_027,platform_infra,2026-04-17T06:06:53.444263+00:00,2026-04-18T07:01:03.543081+00:00,45,33,4
pr_00491,eng_018,product_corporate,2026-03-31T19:19:08.939115+00:00,2026-03-31T22:00:52.932968+00:00,144,82,3
pr_00492,eng_011,platform_data,2026-03-31T03:31:13.376045+00:00,2026-03-31T08:08:43.229850+00:00,23,13,2
pr_00493,eng_008,platform_data,2026-01-29T14:11:23.182541+00:00,,485,249,2
pr_00494,eng_022,platform_data,2026-03-22T11:14:36.025800+00:00,2026-03-22T13:18:41.399483+00:00,88,8,2
pr_00495,eng_016,product_integrations,2026-02-10T22:39:17.026391+00:00,2026-02-11T01:43:50.164256+00:00,6,190,4
pr_00496,eng_029,platform_infra,2026-03-24T13:20:52.173873+00:00,2026-03-24T22:01:13.876945+00:00,15,71,3
pr_00497,eng_039,platform_data,2026-02-28T02:25:55.601311+00:00,,6,55,5
pr_00498,eng_020,product_legal,2026-04-04T12:43:17.661922+00:00,2026-04-04T17:53:45.471472+00:00,81,324,0
pr_00499,eng_022,platform_data,2026-04-17T23:38:14.779985+00:00,2026-04-18T21:46:06.177260+00:00,46,10,1
pr_00500,eng_009,product_integrations,2026-02-15T05:47:08.089629+00:00,2026-02-15T11:38:14.663374+00:00,59,56,0
pr_00501,eng_018,product_corporate,2026-04-09T03:38:53.329554+00:00,2026-04-10T02:58:28.446170+00:00,275,37,0
pr_00502,eng_037,platform_data,2026-03-20T14:20:23.040884+00:00,2026-03-20T17:02:17.132338+00:00,50,10,8
pr_00503,eng_000,product_corporate,2026-04-03T16:21:39.262565+00:00,2026-04-03T18:10:04.503542+00:00,84,0,6
pr_00504,eng_012,product_integrations,2026-03-02T15:28:23.521712+00:00,2026-03-02T18:01:49.199556+00:00,13,69,0
pr_00505,eng_037,platform_data,2026-01-28T13:57:23.700365+00:00,2026-01-29T09:15:34.393517+00:00,236,53,5
pr_00506,eng_039,platform_data,2026-03-18T21:45:20.342187+00:00,2026-03-19T08:20:20.063156+00:00,63,25,4
pr_00507,eng_040,product_corporate,2026-01-31T09:12:58.526482+00:00,2026-01-31T17:52:42.999386+00:00,87,3,3
pr_00508,eng_032,product_legal,2026-02-28T13:38:42.486694+00:00,2026-02-28T17:08:23.164345+00:00,63,107,0
pr_00509,eng_006,platform_infra,2026-02-22T17:01:09.104976+00:00,2026-02-23T04:49:20.345452+00:00,18,153,5
pr_00510,eng_004,product_legal,2026-02-18T06:06:49.343467+00:00,2026-02-18T09:42:41.394124+00:00,20,6,0
pr_00511,eng_005,product_corporate,2026-02-11T05:38:53.542521+00:00,2026-02-11T14:22:56.003604+00:00,69,161,0
pr_00512,eng_044,product_integrations,2026-02-11T12:05:30.760005+00:00,2026-02-13T00:39:24.820891+00:00,62,67,1
pr_00513,eng_013,platform_data,2026-04-04T17:52:16.188661+00:00,2026-04-05T00:41:52.154560+00:00,205,3,4
pr_00514,eng_015,product_legal,2026-02-25T22:32:28.493336+00:00,2026-02-26T18:27:36.875489+00:00,1501,19,1
pr_00515,eng_025,platform_data,2026-02-02T01:18:16.674053+00:00,2026-02-02T07:42:32.040396+00:00,8,468,3
pr_00516,eng_004,product_legal,2026-02-10T06:38:23.329879+00:00,2026-02-10T13:50:44.229204+00:00,2,79,5
pr_00517,eng_016,product_integrations,2026-03-28T22:58:24.862813+00:00,2026-03-29T16:16:41.813476+00:00,91,84,5
pr_00518,eng_006,platform_infra,2026-02-24T12:45:59.647775+00:00,2026-02-25T09:32:23.972421+00:00,55,111,2
pr_00519,eng_006,platform_infra,2026-01-29T15:24:43.483267+00:00,2026-01-29T20:17:14.124208+00:00,13,199,1
